Workbook

Sheet Candidate_Data
A1: Candidate_ID | B1: Job_Role | C1: Department | D1: Hiring_Source | E1: Application_Date | F1: Screening_Status | G1: Interview_Status | H1: Offer_Status | I1: Joining_Status | J1: Days_To_Hire | K1: Hiring_Cost (₹)
A2: C001 | B2: HR Executive | C2: HR | D2: Job Portal | E2: 45870 | F2: Selected | G2: Cleared | H2: Offered | I2: Joined | J2: 28 | K2: 8000
A3: C002 | B3: HR Executive | C3: HR | D3: Employee Referral | E3: 45871 | F3: Selected | G3: Cleared | H3: Offered | I3: Joined | J3: 18 | K3: 3000
A4: C003 | B4: Sales Executive | C4: Sales | D4: Job Portal | E4: 45872 | F4: Selected | G4: Not Cleared | H4: Not Offered | I4: Dropped | J4: 12 | K4: 6000
A5: C004 | B5: Analyst | C5: Finance | D5: LinkedIn | E5: 45873 | F5: Selected | G5: Cleared | H5: Offered | I5: Joined | J5: 24 | K5: 5000
A6: C005 | B6: HR Executive | C6: HR | D6: Consultancy | E6: 45874 | F6: Selected | G6: Cleared | H6: Offered | I6: Dropped | J6: 35 | K6: 20000
A7: C006 | B7: Sales Executive | C7: Sales | D7: Employee Referral | E7: 45875 | F7: Selected | G7: Cleared | H7: Offered | I7: Joined | J7: 16 | K7: 2500
A8: C007 | B8: Analyst | C8: Finance | D8: Job Portal | E8: 45876 | F8: Selected | G8: Not Cleared | H8: Not Offered | I8: Dropped | J8: 14 | K8: 7000
A9: C008 | B9: HR Executive | C9: HR | D9: LinkedIn | E9: 45877 | F9: Selected | G9: Cleared | H9: Offered | I9: Joined | J9: 22 | K9: 4500
A10: C009 | B10: Sales Executive | C10: Sales | D10: Consultancy | E10: 45878 | F10: Selected | G10: Cleared | H10: Offered | I10: Joined | J10: 40 | K10: 22000
A11: C010 | B11: Analyst | C11: Finance | D11: Employee Referral | E11: 45879 | F11: Selected | G11: Cleared | H11: Offered | I11: Joined | J11: 15 | K11: 3000
A12: C011 | B12: HR Executive | C12: HR | D12: Job Portal | E12: 45880 | F12: Selected | G12: Cleared | H12: Offered | I12: Dropped | J12: 30 | K12: 9000
A13: C012 | B13: Sales Executive | C13: Sales | D13: LinkedIn | E13: 45881 | F13: Selected | G13: Not Cleared | H13: Not Offered | I13: Dropped | J13: 13 | K13: 5000
... A25: C024 | B25: Analyst | C25: Finance | D25: Job Portal | E25: 45893 | F25: Selected | G25: Not Cleared | H25: Not Offered | I25: Dropped | J25: 13 | K25: 6500
A26: C025 | B26: HR Executive | C26: HR | D26: Employee Referral | E26: 45894 | F26: Selected | G26: Cleared | H26: Offered | I26: Joined | J26: 17
A27: C026 | B27: Sales Executive | C27: Sales | D27: LinkedIn | E27: 45895 | F27: Selected | G27: Cleared | H27: Offered | I27: Dropped | J27: 24 | K27: 5500
A28: C027 | B28: Analyst | C28: Finance | D28: Consultancy | E28: 45896 | F28: Selected | G28: Cleared | H28: Offered | I28: Joined | J28: 44 | K28: 24000
A29: C028 | B29: HR Executive | C29: HR | D29: Job Portal | E29: 45897 | F29: Selected | G29: Cleared | H29: Offered | I29: Joined | J29: 26 | K29: 8200
A30: C029 | B30: Sales Executive | C30: Sales | D30: Employee Referral | E30: 45898 | F30: Selected | G30: Cleared | H30: Offered | I30: Joined | J30: 18 | K30: 3000
A31: C030 | B31: Analyst | C31: Finance | D31: LinkedIn | E31: 45899 | F31: Selected | G31: Cleared | H31: Offered | I31: Joined | J31: 22 | K31: 5000

Sheet Recruitmnt_Funnel
A1: Stage | B1: Candidate_Count
A2: Applied | B2: =COUNTA(Candidate_Data!A2:A100) -> 30
A3: Screened | B3: =COUNTIF(Candidate_Data!F:F,"Selected") -> 30
A4: Interviewed | B4: =COUNTIF(Candidate_Data!G:G,"Cleared") -> 25
A5: Offered | B5: =COUNTIF(Candidate_Data!H:H,"Offered") -> 25
A6: Joined | B6: =COUNTIF(Candidate_Data!I:I,"Joined") -> 21

Sheet HR_Metrics
A1: Metric | B1: Value
A2: Total Candidates Applied | B2: =COUNTA(Candidate_Data!A2:A100) -> 30
A3: Total Candidates Joined | B3: =COUNTIF(Candidate_Data!I:I,"Joined") -> 21
A4: Offer Acceptance Rate | B4: =B3/COUNTIF(Candidate_Data!H:H,"Offered") -> 0.84
A5: Average Time to Hire | B5: =AVERAGE(Candidate_Data!J:J) -> 23.966667
A6: Cost per Hire | B6: =SUM(Candidate_Data!K:K)/B3 -> 12323.81

Sheet Source_Effectiveness
A1: Hiring_Source | B1: Total-Hires | C1: Avg_Time_to_Hire | D1: Cost_Per_Hire
A2: Job Portal | B2: =COUNTIFS(Candidate_Data!D:D,"Job Portal",Candidate_Data!I:I,"Joined") -> 5 | C2: =AVERAGEIFS(Candidate_Data!J:J,Candidate_Data!D:D,"Job Portal",Candidate_Data!I:I,"Joined") -> 27.2 | D2: =SUMIFS(Candidate_Data!K:K,Candidate_Data!D:D,"Job Portal",Candidate_Data!I:I,"Joined")/B2 -> 8240
A3: Employee Referral | B3: =COUNTIFS(Candidate_Data!D:D,"Employee Referral",Candidate_Data!I:I,"Joined") -> 8 | C3: =AVERAGEIFS(Candidate_Data!J:J,Candidate_Data!D:D,"Employee Referral",Candidate_Data!I:I,"Joined") -> 16.5 | D3: =SUMIFS(Candidate_Data!K:K,Candidate_Data!D:D,"Employee Referral",Candidate_Data!I:I,"Joined")/B3 -> 2512.5
A4: Consultancy | B4: =COUNTIFS(Candidate_Data!D:D,"Consultancy",Candidate_Data!I:I,"Joined") -> 4 | C4: =AVERAGEIFS(Candidate_Data!J:J,Candidate_Data!D:D,"Consultancy",Candidate_Data!I:I,"Joined") -> 41.75 | D4: =SUMIFS(Candidate_Data!K:K,Candidate_Data!D:D,"Consultancy",Candidate_Data!I:I,"Joined")/B4 -> 23250
A5: LinkedIn | B5: =COUNTIFS(Candidate_Data!D:D,"LinkedIn",Candidate_Data!I:I,"Joined") -> 4 | C5: =AVERAGEIFS(Candidate_Data!J:J,Candidate_Data!D:D,"LinkedIn",Candidate_Data!I:I,"Joined") -> 22.75 | D5: =SUMIFS(Candidate_Data!K:K,Candidate_Data!D:D,"LinkedIn",Candidate_Data!I:I,"Joined")/B5 -> 4825

Sheet Dashboard
A1: Recruitment Performance Summary
A3: Total Candidates Applied | B3: =HR_Metrics!B2 -> 30
A4: Total Candidates Joined | B4: =HR_Metrics!B3 -> 21
A5: Offer Acceptance Rate (%) | B5: =HR_Metrics!B4 -> 0.84
A6: Average Time to Hire (Days) | B6: =HR_Metrics!B5 -> 23.966667
A7: Cost per Hire (₹) | B7: =HR_Metrics!B6 -> 12323.81

Sheet Insight
A1: Key Recruitment Insights & Recommendations
A3: Employee referrals showed the highest joining rate with the lowest cost per hire, making them the most efficient hiring source.
A5: Job portals generated a high number of applications but had a lower conversion rate to joining, indicating a need for better screening.
A7: Most candidate drop-offs occurred after the interview stage, suggesting expectation mismatch or delayed communication.
A9: Consultancy hiring had the highest cost and longest time-to-hire, indicating it should be used selectively for critical roles.
A11: Improving interview turnaround time and prioritising employee referrals can significantly enhance recruitment efficiency.
